{
  "nav": {
    "link-1": "家",
    "link-2": "私たちに関しては",
    "link-3": "パフォーマンス",
    "link-4": "お問い合わせ",
    "link-5": "プライバシーポリシ"
  },
  "hero": {
    "caption": "最高の物件を探す",
    "title": "より良い結果への完全な投資",
    "paragraph": "グローバルな投資会社として、私たちは多様な視点を育み、イノベーションを取り入れて、クライアントが資本市場の不確実性を乗り切るのを支援します。",
    "button": "お問い合わせ"
  },
  "whyUs": {
    "title": "私たちを選ぶ理由",
    "paragraph": "患者の世話をすることは非常に重要であり、患者はフォローされますが、時には彼らは大きな痛みや苦しみに陥ります.細部に至るまで、私たちは誰ですか",
    "item-1": {
      "title": "原則/信頼",
      "paragraph": "顧客が顧客のトレーニングに従うことは非常に重要ですが、これは同時に起こることです"
    },
    "item-2": {
      "title": "テーラード/カスタマイズ",
      "paragraph": "顧客が顧客のトレーニングに従うことは非常に重要ですが、これは同時に起こることです"
    },
    "item-2": {
      "title": "空腹/野心的",
      "paragraph": "顧客が顧客のトレーニングに従うことは非常に重要ですが、これは同時に起こることです"
    }
  },
  "service": {
    "title": "私達がすること",
    "item-1": {
      "title": "投資専門家",
      "paragraph": "Trulia は、ウェブサイトで 100 万件以上の住宅を販売しています。"
    },
    "item-2": {
      "title": "私達がすること",
      "paragraph": "Trulia は、ウェブサイトで 100 万件以上の住宅を販売しています。"
    },
    "item-3": {
      "title": "機関とコンサルタント",
      "paragraph": "Trulia は、ウェブサイトで 100 万件以上の住宅を販売しています。"
    }
  },
  "wayInvest": {
    "title": "投資方法",
    "item-1": {
      "title": "個人的",
      "titleBr": "投資口座",
      "paragraph": "標準口座を開設し、オルタナティブ投資のポートフォリオを構築します。",
      "button": "お問い合わせ"
    },
    "item-2": {
      "title": "優遇税制",
      "titleBr": "投資",
      "paragraph": "既存の退職口座をロールオーバーするか、新しいトラディショナルまたはロス IRA を開きます。",
      "button": "お問い合わせ"
    },
    "item-3": {
      "title": "あなたを通して",
      "titleBr": "アドバイザー",
      "paragraph": "標準口座を開設し、オルタナティブ投資のポートフォリオを構築します。",
      "button": "お問い合わせ"
    }
  },
  "testimonials": {
    "caption": "次世代ポートフォリオの強化",
    "title": "1,769,369",
    "paragraph": "人々はゆだねるを使って賢く投資を始めています",
    "item-1": {
      "paragraph": "“顧客は非常に満足しています。何よりも厳しく従う必要があり、それは快楽以上のものなので、快楽や苦痛から解放された体のお世辞で従うことができます。”",
      "subTitle": "運"
    }
  },
  "footer": {
    "column-1": {
      "title": "オフィス本社",
      "paragraph": "バルボア パーク、サンディエゴ、カリフォルニア州、92104、アメリカ合衆国"
    },
    "column-2": {
      "title": "会社",
      "link-1": "家",
      "link-2": "私たちに関しては",
      "link-3": "パフォーマンス",
      "link-4": "コンタクト"
    },
    "column-2": {
      "title": "私たちに関しては",
      "paragraph": "私たちはシドニーの不動産代理店で、代理店は年中無休で質問に答えます。"
    },
    "copy": {
      "paragraph-1": "無断複写・転載を禁じます クリエイティブUIデザイン2023.",
      "paragraph-2": "プライバシーポリシ"
    }
  },
  "about": {
    "title": "私たちに関しては",
    "paragraph-1": "顧客は非常に満足しています。ガリア人がへつらいから解放されるのはたやすい。苦労して最小限のことを達成する人については、喜びと苦痛のどちらかである喜びと苦痛を混同する人を拒否することができます。",
    "paragraph-2": "または、喜びの中の喜び、真実に陥るすべての人々の痛み、または私たちが持っているものを拒否することによって堕落するすべての人々の痛みを伴います.または、告発者の手段または声明のように、憎しみのない人",
    "button": "お問い合わせ"
  },
  "team": {
    "title": "私たちのチーム",
    "item-1": {
      "name": "ガイ・ホーキンス",
      "job": "営業部長"
    },
    "item-2": {
      "name": "ジェニー・ウィルソン",
      "job": "営業部長"
    },
    "item-3": {
      "name": "トート・カミラ",
      "job": "営業部長"
    },
    "item-4": {
      "name": "セーケレス・ダルマ",
      "job": "営業部長"
    },
    "item-5": {
      "name": "ウェイド・ウォーレン",
      "job": "営業部長"
    },
    "item-6": {
      "name": "ロバート・フォックス",
      "job": "営業部長"
    }
  },
  "partners": {
    "title": "当社のパートナー",
    "paragraph": "患者の世話をすることは非常に重要であり、患者はフォローされますが、時には彼らは大きな痛みや苦しみに陥ります."
  },
  "history": {
    "title": "私たちの会社の歴史",
    "item-1": {
      "title": "タイトルはこちら",
      "paragraph": "痛みのせいで区別されているのではなく、何か素晴らしいのはガリア人です！そして、彼が何らかの結果をもたらしたかのように、彼を逃げさせてください。そうすれば、私たちは彼を痛みそのもので非難します。."
    },
    "item-2": {
      "title": "タイトルはこちら",
      "paragraph": "痛みのせいで区別されているのではなく、何か素晴らしいのはガリア人です！そして、彼が何らかの結果をもたらしたかのように、彼を逃げさせてください。そうすれば、私たちは彼を痛みそのもので非難します。."
    },
    "item-3": {
      "title": "タイトルはこちら",
      "paragraph": "痛みのせいで区別されているのではなく、何か素晴らしいのはガリア人です！そして、彼が何らかの結果をもたらしたかのように、彼を逃げさせてください。そうすれば、私たちは彼を痛みそのもので非難します。."
    },
    "item-4": {
      "title": "タイトルはこちら",
      "paragraph": "痛みのせいで区別されているのではなく、何か素晴らしいのはガリア人です！そして、彼が何らかの結果をもたらしたかのように、彼を逃げさせてください。そうすれば、私たちは彼を痛みそのもので非難します。."
    }
  },
  "overview": {
    "item-1": {
      "title": "名前",
      "paragraph": "ゆだねる不動産投資会社"
    },
    "item-2": {
      "title": "設立",
      "paragraph": "2015年3月"
    },
    "item-3": {
      "title": "払込資本",
      "paragraph": "3億円"
    },
    "item-4": {
      "title": "代表",
      "paragraph": "代表取締役社長 三浦 幸喜",
      "button": "社長メッセージ"
    },
    "item-5": {
      "title": "オフィスの場所",
      "paragraph": "バルボア パーク、サンディエゴ、カリフォルニア州、2104、アメリカ合衆国",
      "button": "社長メッセージ"
    },
    "item-6": {
      "title": "株主",
      "paragraph": "株式会社ゆだねる不動産ホールディングス（100％）"
    },
    "item-7": {
      "title": "従業員および役員",
      "paragraph": "168名（うち執行役員6名、監査役2名） ※2022年4月1日現在"
    },
    "item-8": {
      "title": "事業運営",
      "paragraph": "投資運用業、第二種金融商品取引業、投資助言・代理業、不動産売買業"
    },
    "item-9": {
      "title": "登録、免許等",
      "paragraph": "金融商品取引業者登録関東財務局長（金融商品）第374号不動産取引一任代理国土交通大臣許可第18号宅地建物取引業許可東京都知事(4)第81679号不動産特定共同事業者金融庁長官・国土交通大臣許可 第78号"
    },
    "item-10": {
      "title": "メンバーシップ",
      "paragraph": "一般社団法人投資信託協会、一般社団法人日本投資顧問業協会、一般社団法人不動産証券化協会（正会員）など"
    }
  },
  "performance": "パフォーマンス",
  "achievement": {
    "title": "私たちの成果",
    "paragraph": "過去数年間に私たちが達成したことを見て理解してください。この期間に非常に多くのプロジェクトを完了しました。",
    "item-1": {
      "title": "20500+",
      "paragraph": "完成物件"
    },
    "item-2": {
      "title": "7600+",
      "paragraph": "不動産売却"
    },
    "item-1": {
      "title": "12300+",
      "paragraph": "アパートの家賃"
    },
    "item-1": {
      "title": "15200+",
      "paragraph": "幸せなクライアント"
    }
  },
  "selectionInvestment": {
    "title": "私たちの投資の選択",
    "item-1": {
      "title": "オフィスコンプレックス",
      "paragraphStrong-1": "位置：",
      "paragraph-1": "ベッドフォント レイクス、ウェスト ロンドン",
      "paragraphStrong-2": "セクタ:",
      "paragraph-2": "オフィス・ビジネスパーク",
      "paragraphStrong-3": "サイズ：",
      "paragraph-3": "374,046平方フィート"
    },
    "item-2": {
      "title": "オフィスコンプレックス",
      "paragraphStrong-1": "位置：",
      "paragraph-1": "ベッドフォント レイクス、ウェスト ロンドン",
      "paragraphStrong-2": "セクタ:",
      "paragraph-2": "オフィス・ビジネスパーク",
      "paragraphStrong-3": "サイズ：",
      "paragraph-3": "374,046平方フィート"
    },
    "item-3": {
      "title": "オフィスコンプレックス",
      "paragraphStrong-1": "位置：",
      "paragraph-1": "ベッドフォント レイクス、ウェスト ロンドン",
      "paragraphStrong-2": "セクタ:",
      "paragraph-2": "オフィス・ビジネスパーク",
      "paragraphStrong-3": "サイズ：",
      "paragraph-3": "374,046平方フィート"
    },
    "item-4": {
      "title": "オフィスコンプレックス",
      "paragraphStrong-1": "位置：",
      "paragraph-1": "ベッドフォント レイクス、ウェスト ロンドン",
      "paragraphStrong-2": "セクタ:",
      "paragraph-2": "オフィス・ビジネスパーク",
      "paragraphStrong-3": "サイズ：",
      "paragraph-3": "374,046平方フィート"
    },
    "item-5": {
      "title": "オフィスコンプレックス",
      "paragraphStrong-1": "位置：",
      "paragraph-1": "ベッドフォント レイクス、ウェスト ロンドン",
      "paragraphStrong-2": "セクタ:",
      "paragraph-2": "オフィス・ビジネスパーク",
      "paragraphStrong-3": "サイズ：",
      "paragraph-3": "374,046平方フィート"
    },
    "item-6": {
      "title": "オフィスコンプレックス",
      "paragraphStrong-1": "位置：",
      "paragraph-1": "ベッドフォント レイクス、ウェスト ロンドン",
      "paragraphStrong-2": "セクタ:",
      "paragraph-2": "オフィス・ビジネスパーク",
      "paragraphStrong-3": "サイズ：",
      "paragraph-3": "374,046平方フィート"
    },
    "item-7": {
      "title": "オフィスコンプレックス",
      "paragraphStrong-1": "位置：",
      "paragraph-1": "ベッドフォント レイクス、ウェスト ロンドン",
      "paragraphStrong-2": "セクタ:",
      "paragraph-2": "オフィス・ビジネスパーク",
      "paragraphStrong-3": "サイズ：",
      "paragraph-3": "374,046平方フィート"
    },
    "item-8": {
      "title": "オフィスコンプレックス",
      "paragraphStrong-1": "位置：",
      "paragraph-1": "ベッドフォント レイクス、ウェスト ロンドン",
      "paragraphStrong-2": "セクタ:",
      "paragraph-2": "オフィス・ビジネスパーク",
      "paragraphStrong-3": "サイズ：",
      "paragraph-3": "374,046平方フィート"
    },
    "item-9": {
      "title": "オフィスコンプレックス",
      "paragraphStrong-1": "位置：",
      "paragraph-1": "ベッドフォント レイクス、ウェスト ロンドン",
      "paragraphStrong-2": "セクタ:",
      "paragraph-2": "オフィス・ビジネスパーク",
      "paragraphStrong-3": "サイズ：",
      "paragraph-3": "374,046平方フィート"
    }
  },
  "result": {
    "title-1": "結果を達成する方法",
    "paragraph": "顧客は非常に満足しています。ガリア人がへつらいから解放されるのはたやすい。私たちは、最も成果の低い人を骨の折れる者として拒絶することができるからです。",
    "title-2": "GK-TK構造",
    "title-3": "基本TMK構造（GK-TK構造あり）"
  },
  "contactUs": {
    "title": "お問い合わせ",
    "item": {
      "title": "連絡先情報",
      "paragraph": "私たちのレポートは、オーディエンスをよりよく理解し、適切なメッセージを適切な人に向けるのに役立ちます。迅速かつ簡単な方法でメール マーケティング キャンペーンを送信します。",
      "location": "34通りの名前、ここの都市名、アメリカ合衆国。",
      "phone": "+1 (222) 345 6789",
      "gmail": "info@mywebsite.com"
    }
  },
  "policy": {
    "tabs": {
      "title": "ポリシー",
      "tab-1": "勧誘方針",
      "tab-2": "プライバシーポリシ",
      "tab-3": "反社会的勢力に対する基本方針",
      "tab-2": "苦情処理および紛争処理ポリシー"
    },
    "item-1": {
      "title": "苦情処理および紛争処理ポリシー",
      "subTitle": "発効日: 2023 年 3 月 9 日",
      "paragraph-1": "このプライバシー ポリシーでは、ユダネルが識別された個人または識別可能な個人に関連する情報 (このプライバシー ポリシーでは「個人データ」と呼ばれます) を収集、使用、および開示する方法と、この活動に関してお客様がどのような選択肢を持っているかについて説明します。ご不明な点がございましたら、お気軽にお問い合わせください。",
      "paragraph-2": "「ユダネル」とは、以下の「データ管理者および処理者の特定」セクションで詳細に説明されているように、ユダネル テクノロジーズ LLC またはユダネル テクノロジーズ リミテッドを意味します。"
    },
    "item-2": {
      "title": "勧誘方針",
      "paragraph-1": "顧客は非常に満足しています。彼が彼らに達成させたいと思っている人、彼は私たちのビジネスを嫌っています。彼がそれらのことを苦しみたいときは、何も避けないようにしましょう。",
      "paragraph-2": "彼らは義務の回避に悩まされることはなく、喜びの場を開くことへの欲求または拒否によって刺激されるすべての義務は、何らかの理由で反発されます.",
      "paragraph-3": "真実はすべての負債の結果です。"
    },
    "item-3": {
      "title": "プライバシーポリシー",
      "titleSmall": "収集する情報",
      "paragraph-1": "顧客は非常に満足しています。彼が彼らに達成させたいと思っている人、彼は私たちのビジネスを嫌っています。彼がそれらのことを苦しみたいときは、何も避けないようにしましょう。",
      "paragraph-2": "彼らは義務の回避に悩まされることはなく、喜びの場を開くことへの欲求または拒否によって刺激されるすべての義務は、何らかの理由で反発されます.",
      "paragraph-3": "真実はすべての負債の結果です。",
      "paragraph-4": "顧客は非常に満足しています。彼が彼らに達成させたいと思っている人、彼は私たちのビジネスを嫌っています。彼がそれらのことを苦しみたいときは、何も避けないようにしましょう。",
      "paragraph-5": "彼らは義務の回避に悩まされることはなく、喜びの場を開くことへの欲求または拒否によって刺激されるすべての義務は、何らかの理由で反発されます.",
      "paragraphStrong": "真実はすべての負債の結果です。",
      "list-1": "顧客は非常に満足しています。彼が彼らに達成させたいと思っている人、彼は私たちのビジネスを嫌っています。",
      "list-2": "彼がそれらのことを苦しみたいときは、何も避けないようにしましょう。",
      "list-3": "彼らは義務の回避に悩まされることはなく、喜びの場を開くことへの欲求または拒否によって刺激されるすべての義務は、何らかの理由で反発されます."
    },
    "item-4": {
      "title": "反社会的勢力に対する基本方針",
      "paragraph-1": "顧客は非常に満足しています。彼が彼らに達成させたいと思っている人、彼は私たちのビジネスを嫌っています。彼がそれらのことを苦しみたいときは、何も避けないようにしましょう。",
      "paragraph-2": "彼らは義務の回避に悩まされることはなく、喜びの場を開くことへの欲求または拒否によって刺激されるすべての義務は、何らかの理由で反発されます.",
      "paragraph-3": "真実はすべての負債の結果です。"
    },
    "item-5": {
      "title": "苦情処理および紛争処理ポリシー",
      "paragraph-1": "顧客は非常に満足しています。彼が彼らに達成させたいと思っている人、彼は私たちのビジネスを嫌っています。彼がそれらのことを苦しみたいときは、何も避けないようにしましょう。",
      "paragraph-2": "彼らは義務の回避に悩まされることはなく、喜びの場を開くことへの欲求または拒否によって刺激されるすべての義務は、何らかの理由で反発されます.",
      "paragraphStrong": "真実はすべての負債の結果です。",
      "list-1": "顧客は非常に満足しています。彼が彼らに達成させたいと思っている人、彼は私たちのビジネスを嫌っています。",
      "list-2": "彼がそれらのことを苦しみたいときは、何も避けないようにしましょう。",
      "list-3": "彼らは義務の回避に悩まされることはなく、喜びの場を開くことへの欲求または拒否によって刺激されるすべての義務は、何らかの理由で反発されます."
    }
  }
}
